Harry Potter,lives,Vernon Petunia Dursley Harry Potter
Harry Potter,lives,Harry Potter aunt uncle
Harry Potter,lives,Harry Potter abusive aunt uncle
Vernon Petunia Dursley Harry Potter,bullying,son
Harry Potter,lives,Vernon Petunia Dursley Harry Potter bullying
Harry,'s birthday be,half giant named
Harry,have,parents
Harry,have,eleventh birthday
Rubeus Hagrid,delivers,acceptance letter Hogwarts School Witchcraft Wizardry
Rubeus Hagrid,delivers,acceptance letter Hogwarts School Witchcraft Wizardry revealing
Harry 's eleventh birthday,be,wizards
Rubeus Hagrid,personally delivers,acceptance letter Hogwarts School Witchcraft Wizardry
Rubeus Hagrid,personally delivers,acceptance letter Hogwarts School Witchcraft Wizardry revealing
Harry 's birthday,be,wizards
Harry,'s parents be,James Lily Potter
one year,old,evil powerful dark wizard
Harry,be old,one year
Harry forehead,destroyed,lightning shaped scar Harry forehead
Voldemort,kill,curse
Voldemort,seemingly destroy,lightning scar Harry forehead
Voldemort,seemingly destroy,lightning shaped scar Harry forehead
Voldemort Harry forehead,kill,curse
Harry forehead,seemingly destroy,leaving lightning bolt shaped scar Harry forehead
Harry forehead,seemingly destroy,lightning scar Harry forehead
Voldemort,seemingly destroy,leaving lightning shaped scar Harry forehead
Harry forehead,destroyed,leaving lightning bolt shaped scar Harry forehead
Voldemort,seemingly destroy,leaving lightning bolt shaped scar Harry forehead
Voldemort,rebound,Harry forehead
Harry forehead,destroyed,Dark Lord
Harry forehead,destroyed,lightning scar Harry forehead
Harry forehead,destroyed,lightning bolt shaped scar Harry forehead
Harry forehead,destroyed,leaving lightning shaped scar Harry forehead
Voldemort,destroyed,Dark Lord
Voldemort,destroyed,lightning bolt shaped scar Harry forehead
Voldemort,seemingly destroy,Dark Lord
Voldemort,destroyed,leaving lightning shaped scar Harry forehead
Harry forehead,seemingly destroy,leaving lightning scar Harry forehead
Voldemort,seemingly destroy,lightning bolt shaped scar Harry forehead
Voldemort,seemingly destroy,leaving lightning scar Harry forehead
Voldemort,destroyed,leaving lightning scar Harry forehead
Harry forehead,seemingly destroy,lightning shaped scar Harry forehead
Harry forehead,seemingly destroy,lightning bolt shaped scar Harry forehead
Voldemort,destroyed,leaving lightning bolt shaped scar Harry forehead
Harry forehead,destroyed,leaving lightning scar Harry forehead
Voldemort,destroyed,lightning scar Harry forehead
Voldemort,destroyed,lightning shaped scar Harry forehead
Harry forehead,seemingly destroy,Dark Lord
Harry forehead,seemingly destroy,leaving lightning shaped scar Harry forehead
Harry,be,famous world
Harry,be,famous world
Unknown Harry,be,wizarding world
Harry,be,famous wizarding world
Harry,be,famous wizarding world
Harry,be,world
Harry,be,world
Unknown Harry,be,world
Harry,be,wizarding world
Harry,be,wizarding world
Unknown Harry,be,famous world
Unknown Harry,be,famous wizarding world
Hagrid,take,hidden wizard commerce retail section London
Hagrid,take,wizard commerce retail section London
Hagrid,take,hidden wizard commerce section London
Hagrid,take,Harry Diagon Alley
Hagrid,take,wizard commerce section London
Harry,have,parents
Harry 's parents,have leave,Harry fortune
Harry fortune,kept,Gringotts Wizarding Bank
Harry,buys,school supplies wand Ollivander
cores Harry Lord Voldemort 's wands,have,feathers bird
cores Harry Lord Voldemort 's wands,have,feathers phoenix bird
cores Harry Lord Voldemort 's wands,have,feathers phoenix bird making
cores Harry Lord Voldemort,have,wands
cores Harry Lord Voldemort 's wands,have,feathers bird making
Hagrid,give,Harry owl Harry names Hedwig
Hogwarts Express King,have,Cross railway station
year Ronald Weasley,meets,Hermione Granger
fellow year Ronald Weasley,meets,Hermione Granger
Harry,runs,year student
Harry,runs,afoul first year student
Harry,runs,afoul year student
Harry,runs,Draco Malfoy
Harry,runs,first year student
Draco joins,be sort,Gryffindor
Draco joins,be,sorted
Draco,joins,Slytherin
ability,earns,Harry place Gryffindor Quidditch team Seeker
flying ability,earns,Harry place Gryffindor Quidditch team Seeker
Harry 's broomstick,earns,Harry place Gryffindor Quidditch team Seeker
Harry,have,broomstick
dislike Potions,master,Severus Snape
Slytherin seeking,favours fail,Harry
Malfoy 's ruse,discover,headed dog
Malfoy,'s ruse be,unable stop
Malfoy 's ruse,discover,gigantic three headed dog
Malfoy,'s ruse be,tags along hide forbidden corridor
Malfoy 's ruse,discover,headed dog guarding
Malfoy 's ruse,discover,dog guarding
Malfoy 's ruse,discover,three headed dog
Malfoy,have,ruse
Malfoy 's ruse,discover,three headed dog guarding
Malfoy 's ruse,discover,gigantic dog
Malfoy 's ruse,discover,gigantic headed dog
Malfoy,'s ruse be,Hermione
Malfoy 's ruse,discover,gigantic headed dog guarding
Malfoy 's ruse,discover,gigantic dog guarding
Malfoy 's ruse,discover,gigantic three headed dog guarding
Malfoy 's ruse,discover,dog
three,become,friends
Hermione,troll,school 's Halloween celebration
school,have,Halloween celebration
three,become,best friends
Coupled Snape,have,recent leg injury suspicious behaviour
Harry,enter,trapdoor
Ron,believe,Ron
Harry,have,attention
Harry broomstick,have,attempts
Harry Snape,have,strange behaviour match
Hermione jinxed Harry,have,broom
Harry Snape 's strange behaviour match,convinces,Hermione jinxed Harry 's broom
Harry Snape 's behaviour match,convinces,Hermione jinxed Harry 's broom
Harry father,have,invisibility cloak
Harry,receives,anonymous Christmas gift
Harry,receives,Christmas gift
Harry,discovers,Mirror Erised
Harry 's broom,explore,school
Mirror Erised,shows,viewer desires
Harry,have,broom
Harry,sees,Harry parents
newspaper report,attempt,robbery Gringotts Bank vault Hagrid item school 's headmaster
newspaper report,attempt,robbery Gringotts Bank vault Hagrid retrieved item school 's headmaster
robbery Gringotts Bank vault Hagrid retrieved item school,have,headmaster
newspaper report,attempt,robbery Gringotts Bank vault Hagrid item school 's headmaster
philosopher,'s stone be,grants user immortality ability turn metal pure gold
newspaper report,attempt,robbery Gringotts Bank vault Hagrid item school 's headmaster beneath trapdoor
newspaper report,attempt,robbery Gringotts Bank vault Hagrid retrieved item school 's headmaster
philosopher,have,stone
robbery Gringotts Bank vault Hagrid retrieved item school,have,headmaster beneath trapdoor
newspaper report,attempt,robbery Gringotts Bank vault Hagrid retrieved item school 's headmaster beneath trapdoor
newspaper report attempted,be,philosopher 's stone
forest centaur,be plot,restore
forest centaur,restore,Harry body
Firenze,warns,Harry Voldemort
Dumbledore,be,lured
Dumbledore,be lure,Hogwarts false pretences
Ron Hermione,remain behind,Harry proceeds
Harry,encounters,Professor Quirrell
Harry jinxed Harry,have,broom
Harry,encounters,Defence Dark Arts teacher
Harry jinxed Harry 's broom,troll,school
Snape,be protect,Harry
Quirrell,obtain,philosopher 's stone
face,be attach,back Quirrell 's head
philosopher,have,stone
face,be attach,Quirrell 's head
face,be,attached
Harry,be,forced
lack greed stone deposits philosopher,have,stone Harry pocket
Harry,have,lack greed stone deposits philosopher
Mirror Erised,recognises,Harry 's lack greed stone deposits philosopher 's stone Harry pocket
stone,kill,Harry
stone,kill,Quirrell flesh
Harry 's scar,begins,hurting
Harry,have,scar
Harry,awakens,school 's infirmary
school,have,infirmary
mother life Dumbledore,left,protective charm
mother life Dumbledore,left,charm
Voldemort Dumbledore mother,left,magical charm
mother life Dumbledore,left,magical charm
Voldemort Dumbledore mother,left,charm
mother life Dumbledore,left,magical protective charm
Voldemort Dumbledore mother,left,magical protective charm
Voldemort Dumbledore mother,left,protective charm
Quirrell,have,hatred greed
Dumbledore,burn upon,contact Harry
philosopher,have,stone
school,have,year end feast
Gryffindor,be award,House Cup
Gryffindor,be,awarded
Harry,returns at_time,next school year
Harry,returns at_time,school year
Harry,returns Dursleys Privet Drive at_time,school year
Harry,returns Dursleys Privet Drive at_time,next school year
twelve year old Harry,warns,Harry
twelve year old Harry warns,be,danger
year old Harry,warns,Harry
year old Harry warns,be,danger
Aunt Petunia Uncle Vernon,have,dinner party
Dobby,magically ruins,Aunt Petunia Uncle Vernon 's dinner party
Dobby,ruins,Aunt Petunia Uncle Vernon 's dinner party
Uncle Vernon,locks,Harry Uncle Vernon room retaliation
furious Uncle Vernon,locks,Harry furious Uncle Vernon room retaliation
Uncle Vernon,locks,Harry furious Uncle Vernon room retaliation
furious Uncle Vernon,locks,Harry Uncle Vernon room retaliation
Harry,perform,magic threatening
Ministry Magic,immediately sends,notice
Ministry Magic,sends,notice accusing
Ministry Magic,immediately sends,notice accusing
Harry,perform,underage magic threatening
Ministry Magic,sends,notice
Harry,perform,underage magic
Harry,perform,magic
Ron Weasley Ron Weasley brothers,arrive,Fred George father flying
Fred George father,fly,Ford Anglia rescue Harry
Ron Weasley Ron Weasley brothers,arrive,Ron Weasley brothers
Fred George father,fly,Ford Anglia rescue Harry taking
Ron Weasley Ron Weasley brothers,arrive,Fred George father
autobiographer adventurer,be,new Defence Dark Arts professor
Hermione Granger,meet,also Gilderoy Lockhart
conceited autobiographer adventurer,be,new Defence Dark Arts professor
father Harry,have,nemesis Draco
Hermione Granger,meet,father Harry 's nemesis Draco
Hermione Granger,meet,Gilderoy Lockhart
autobiographer adventurer,be,Defence Dark Arts professor
conceited autobiographer adventurer,be,Defence Dark Arts professor
Hermione Granger,meet,Lucius Malfoy
Platform 9 3/4,enter miss,Hogwarts Express
King 's Cross station,be,unable
King,have,Cross station
King,'s station be,Harry Ron
Platform,enter miss,Hogwarts Express
Mr Weasley 's car Hogwarts,crash,Whomping Willow school grounds
Ron,have,hand down wand
Mr Weasley,have,car Hogwarts
Mr Weasley 's car Hogwarts,crash,Whomping Willow school grounds damaging
Harry Ron,fly,Mr Weasley 's car Hogwarts
car,escapes,forest
Harry,learns,community disdain Muggle born wizards believing
Harry,learns,wizarding community disdain born wizards believing
Harry,learns,community disdain Muggle born wizards like Hermione believing
Harry,learns,wizarding community disdain wizards believing
Harry,learns,wizarding community disdain Muggle born wizards
Harry,learns,wizarding community disdain Muggle born wizards like Hermione
Harry,learns,community disdain wizards like Hermione
Harry,learns,wizarding community disdain Muggle born wizards like Hermione believing
Harry,learns,wizarding community disdain born wizards like Hermione
Harry,learns,community disdain Muggle born wizards like Hermione
Harry,learns,wizarding community disdain wizards like Hermione believing
Harry,learns,community disdain born wizards like Hermione
Harry,learns,wizarding community disdain born wizards like Hermione believing
Harry,learns,wizarding community disdain Muggle born wizards believing
Harry,learns,community disdain Muggle born wizards
Harry,learns,community disdain wizards
Harry,learns,wizarding community disdain wizards
Harry,learns,community disdain wizards like Hermione believing
Harry,learns,wizarding community disdain born wizards
Harry learns,be,superior
Harry,learns,community disdain wizards believing
Harry,learns,community disdain born wizards like Hermione believing
Harry,learns,wizarding community disdain wizards like Hermione
Harry,learns,community disdain born wizards believing
Harry,learns,community disdain born wizards
Chamber Secrets,be,opened
Mr Filch 's cat,be,Soon found
Mr Filch,'s cat be,Mrs Norris
Mr Filch 's cat,be,found
Mr Filch,have,cat
Chamber dispute fellow founders,admit,Muggle born students
created Chamber dispute fellow founders,admit,born students
created Chamber dispute fellow founders,admit,Muggle born students
created Chamber dispute fellow founders,admit,students
one school,have,founders
Chamber dispute fellow founders,admit,students
Chamber dispute fellow founders,admit,born students
Chamber,houses,monster Heir Slytherin
Chamber,supposedly houses,monster Heir Slytherin
rogue Bludger,strikes,Harry
rogue Bludger,strikes,twelve year old Harry arm
rogue Bludger,strikes,breaking Harry arm
rogue Bludger,strikes,breaking twelve year old Harry arm
rogue Bludger,strikes,Harry arm
year old Harry blunders,attempt,repair sending
year old Harry blunders,attempt,repair sending overnight
twelve year old Harry blunders,attempt,repair
twelve year old Harry blunders,attempt,repair sending
twelve year old Harry blunders,attempt,repair sending overnight
year old Harry blunders,attempt,repair
portal King,have,Cross
twelve year old Harry jinxed Bludger,seal,King 's Cross
year old Harry jinxed Bludger,seal,King 's Cross
twelve year old Harry jinxed Bludger,seal,portal King 's Cross
Dobby,visits,Harry
year old Harry jinxed Bludger,seal,portal King 's Cross
Harry,spontaneously exhibits,rare ability
Harry,spontaneously exhibits,ability speak
students,attend,duelling class
Harry,exhibits,rare ability
Harry,exhibits,ability speak
Harry,exhibits,rare ability speak
Harry,exhibits,ability
Harry,spontaneously exhibits,rare ability speak
students,attend,defensive duelling class
Harry,spontaneously exhibits,ability
Harry,be Heir give,hostility
Harry,be,Heir
Harry,be Heir give,hostility toward Muggle borns
Hermione,secretly brews,Polyjuice Potion
Hermione,brews,Polyjuice Potion allowing
Hermione,secretly brews,Polyjuice Potion allowing
Draco,have,lackeys
Hermione,brews,Polyjuice Potion
Harry Ron,impersonate,Draco 's lackeys
Draco,have,lackeys
Draco,knows,nothing heir
Draco 's lackeys,learn,Draco
trio diary,left,stall
trio diary,left,stall
stall,belong,Tom Riddle
death Chamber,have,previous opening
student,have,death Chamber
Riddle 's consciousness,be,responsible
Riddle,have,consciousness within diary claims
Hermione,be,petrified
school,be put,lockdown
school,be,put
Hagrid,be,sent
Headmaster Albus Dumbledore,be force,Hagrid
Headmaster Albus Dumbledore,be,forced
Hagrid,be send,Azkaban prison
Harry Ron,follow,spiders Forest
instructions,left,Hagrid
Harry Ron,follow,spiders Forbidden Forest
Acromantula Aragog,denies,Acromantula involvement
Harry Ron,encounter,gigantic Acromantula named Aragog
Harry Ron,encounter,Acromantula Aragog
gigantic Acromantula named Aragog,denies,Acromantula involvement
Harry Ron,encounter,gigantic Acromantula Aragog
Acromantula named Aragog,denies,Acromantula involvement
spiders,claims fear,real monster
spiders,claims fear,monster
Harry Ron,encounter,Acromantula named Aragog
gigantic Acromantula Aragog,denies,Acromantula involvement
Mr Weasley 's car,rescues,Harry Ron
Mr Weasley,have,car
Aragog,attempts,feed Harry Ron Aragog progeny
whose direct gaze,kills,petrifies victims seen reflection
whose gaze,kills,petrifies victims reflection
monster,be,basilisk
Harry Ron,discover,Hermione
had deduced monster,be,basilisk
whose direct gaze,kills,petrifies victims reflection
whose gaze,kills,petrifies victims seen reflection
Harry,concludes,basilisk
Harry concludes,be,voice walls basilisk travels plumbing
Harry concludes,be,voice walls travels plumbing
student,be,killed
twelve year old Harry,realises,Moaning Myrtle
year old Harry,also realises,Moaning Myrtle
year old Harry,realises,Moaning Myrtle
twelve year old Harry,also realises,Moaning Myrtle
Ron 's sister,be abduct,Chamber
Ron 's sister,be,abducted
Ron 's sister,be abduct,taken Chamber
Ron,have,sister
Ron,'s sister be,Ginny
force Lockhart,enter,entrance Myrtle 's bathroom
entrance Myrtle,have,bathroom
entrance Myrtle,have,bathroom
Harry Ron,discover,entrance Myrtle 's bathroom
Lockhart confesses,be,fraud attempts
incompetent fraud attempts,erase,boys ' memories
Lockhart confesses,be,magically incompetent fraud attempts erase
incompetent fraud attempts,erase,boys ' memories using
Lockhart confesses,be,magically incompetent fraud attempts
Lockhart confesses,be,incompetent fraud attempts erase
fraud attempts,erase,boys ' memories using
fraud attempts,erase,boys ' memories using
fraud attempts,erase,boys ' memories
Lockhart confesses,be,fraud attempts erase
incompetent fraud attempts,erase,boys ' memories
fraud attempts,erase,boys ' memories
incompetent fraud attempts,erase,boys ' memories using
Ron,have,damaged wand
Lockhart,confesses,Lockhart
Lockhart confesses,be,incompetent fraud attempts
obliterating memory,causes,rockfall
memory,causes,rockfall
Harry,proceeds,Chamber
Chamber,finds,unconscious Ginny
Chamber,finds,Ginny
manifestation Tom Riddle,be,Lord Voldemort Heir Slytherin
Lord Voldemort Heir Slytherin,be open,Chamber framed Hagrid
Lord Voldemort Heir Slytherin,be open,Chamber Hagrid
Lord Voldemort Heir Slytherin,be previously open,Chamber Hagrid
Lord Voldemort Heir Slytherin,be previously open,Chamber framed Hagrid
Lord Voldemort Heir Slytherin,possess,control Ginny
diary,possess,control Ginny
Lord Voldemort Heir Slytherin,be unleashes,basilisk
Dumbledore,have,phoenix Fawkes
Harry,Sorting,Hat
Fawkes blinds,pulls,Sword Godric Gryffindor Sorting Hat
Harry,pulls,Sword Godric Gryffindor Sorting Hat
Fawkes blinds,pulls,Sword Godric Gryffindor Hat
basilisk Harry,pulls,Sword Godric Gryffindor Hat
Harry,pulls,Sword Godric Gryffindor Hat
basilisk Harry,pulls,Sword Godric Gryffindor Sorting Hat
Harry,slays,basilisk
Riddle taunts,die,Harry
Fawkes,' heals be,Harry
Harry,stabs,Riddle
Harry,stabs,Ginny
Riddle,'s fang be,reviving Ginny
Riddle,'s fang be,destroying Riddle
Harry,stabs,Riddle 's diary basilisk fang
Harry,stabs,reviving Ginny
Harry,stabs,destroying Riddle
Riddle,have,diary basilisk fang
Harry,give,diary Dumbledore
diary Dumbledore,be,curious diary
Harry,be,curious diary
diary Dumbledore,be,diary
Harry,be,diary
Lucius Malfoy,be,accompanied
Malfoys ' house elf,protect,Harry
Lucius Malfoy,be accompany,Dobby
Lucius,slip,diary Ginny 's cauldron Diagon Alley Chamber
Lucius,slip,diary Ginny 's cauldron Diagon Alley open Chamber
diary Ginny,have,cauldron Diagon Alley
Lucius,attempts,attack Harry revenge
Dobby,deflects,Harry
Dobby,deflects,twelve year old Harry
Dobby,magically deflects,Harry
Dobby,magically deflects,twelve year old Harry
petrified students,be,cured
Harry,returns,Privet Drive high spirits
Gryffindor,wins,House Cup
students,be,cured
Lockhart,be confine,St. Mungo 's Hospital
Harry,returns,Privet Drive spirits
Hagrid,be,released
Lockhart,be,confined
St. Mungo,have,Hospital
street,watches,Harry
dark street,watches,Harry
Harry wand,emit,sparks
Knight Bus,rescues,stranded wizards
Knight Bus,rescues,wizards
Harry,go,Minister Magic
Harry,go,Leaky Cauldron Diagon Alley Cornelius Fudge
asked,remain,Diagon Alley school starts
Harry,reunites,friends Ron Weasley Hermione Granger
Harry,reunites,best friends Ron Weasley Hermione Granger
Azkaban prison,be,believed
Mr Weasley,warns,Harry wizard Sirius Black
one,approaches,Harry
Harry,relives,parents ' deaths
school grounds,hunt,Black
dementors,patrol,school grounds
Hogwarts,announces,dementors
Harry,have,tea leaves
Professor Sybill Trelawney,later predicts,Voldemort 's servant
Voldemort,have,servant
Professor Sybill Trelawney,predicts,Voldemort 's servant
Quidditch match,dog near,pitch
Willow,destroys,Harry broom
Harry,be,uninjured
Whomping Willow,destroys,Harry broom
Harry Patronus charm,repel,dementors
Fred George Weasley,give,Harry Fred George Weasley Marauder 's Map
Harry Fred George Weasley Marauder,have,Map
Marauder,have,Map
Harry,lacks,guardian permission school outings
guardian permission school outings,sneaks,Hogsmeade
conversation Sirius Black Potters Voldemort,overhears kill,Sirius Black friend Peter Pettigrew
conversation Sirius Black betrayed Potters Voldemort,overhears kill,Sirius Black friend Peter Pettigrew
Black,be,Also Harry 's godfather
Black,be,Harry 's godfather
Black,breaks,Hogwarts
Black,breaks,though unharmed
Black,breaks,unharmed
Harry,be,unharmed
Black,later breaks Hogwarts,unharmed
Harry,be,though unharmed
Black,breaks twice,though unharmed
Black,later breaks Hogwarts twice,unharmed
Black,breaks Hogwarts,though unharmed
Black,later breaks twice,unharmed
Black,breaks Hogwarts twice,though unharmed
Black,later breaks,though unharmed
Black,breaks twice,Hogwarts
Black,later breaks Hogwarts twice,though unharmed
Black,later breaks Hogwarts,though unharmed
Black,breaks Hogwarts twice,unharmed
Black,later breaks,unharmed
Black,breaks twice,unharmed
Black,later breaks twice,though unharmed
Black,later breaks twice,Hogwarts
Black,breaks Hogwarts,unharmed
Black,later breaks,Hogwarts
Ron,accuses,Hermione 's cat
Ron,accuses,Crookshanks
Ron,accuses,straining friendship
Ron,accuses,friendship
Ron,accuses,friendship
Ron,Meanwhile accuses,friendship
Ron,Meanwhile accuses,Crookshanks
Ron,Meanwhile accuses,Hermione 's cat killing
Ron,Meanwhile accuses,Crookshanks
Ron,Meanwhile accuses,friendship
Hermione,have,cat killing
Ron,accuses,Crookshanks
Ron,Meanwhile accuses,straining friendship
Ron,accuses,straining friendship
Hermione,'s cat be,Crookshanks
Ron,accuses,Hermione 's cat killing
Hermione,'s cat be,straining friendship
Ron,Meanwhile accuses,straining friendship
Ron,Meanwhile accuses,Hermione 's cat
Harry,receives,Firebolt broomstick anonymous gift
fearing Black,sent,Firebolt broomstick
fearing Black,sent,expensive Firebolt broomstick
Harry,receives,Hermione
Harry,receives,Firebolt broomstick gift
Black,sent,Firebolt broomstick
Black,sent,expensive Firebolt broomstick
Harry,receives,expensive Firebolt broomstick gift
Harry,receives,Hermione
Harry,receives,expensive Firebolt broomstick anonymous gift
Ron Harry,be,Hermione
Ron Harry,be,furious Hermione
Ministry Magic,have order,Hagrid 's hippogriff Buckbeak
Hagrid,have,hippogriff Buckbeak
Ministry Magic,Meanwhile have order,Hagrid 's hippogriff Buckbeak
Hagrid 's hippogriff Buckbeak,be,executed
Hermione visit,Hagrid prior,Buckbeak 's execution seemingly hear
Hermione exit Hagrid,have,hut
Buckbeak,have,execution Ron
Buckbeak,prior,execution seemingly hear
Buckbeak,'s Ron be,hut
Hermione,discovers,Scabbers
Ron,give,chase
Scabbers,escapes,Ron
dog,drags,Ron tunnel
dog,appear,drags
black dog,appear,drags
black dog,drags,Ron tunnel
Harry,haunt,Shrieking Shack
dog,reveals,Sirius Black
dog,reveals,animagus
dog,be,Sirius Black
dog,reveals,unregistered animagus
black dog,be,Sirius Black
Pettigrew 's name,realise,betrayed Potters
Pettigrew,have,name
Marauder,have,Map
Pettigrew 's name,realise,Black
Pettigrew 's name,realise,Potters
Pettigrew 's name,realise,Lupin
students,create,Marauder 's Map
Marauder,have,Map
Harry,have,father
latter three,become,tame Lupin Lupin werewolf transformations
latter three,secretly become,Lupin Lupin werewolf transformations
latter three,become,Animagi tame Lupin Lupin werewolf transformations
latter three,become,Animagi Lupin Lupin werewolf transformations
latter three,secretly become,Animagi Lupin Lupin werewolf transformations
latter three,become,Lupin Lupin werewolf transformations
latter three,secretly become,tame Lupin Lupin werewolf transformations
latter three,secretly become,Animagi tame Lupin Lupin werewolf transformations
Scabbers,be,Pettigrew Pettigrew rat form
Voldemort,'s servant be,framing Black
Voldemort 's servant,fake,Pettigrew death
Pettigrew,be,Voldemort 's servant faked
Pettigrew,be,Voldemort 's servant
Voldemort,have,servant faked
Black,escape,Azkaban Pettigrew
Black escaped,be,alive
Black,escape,Azkaban discovering Pettigrew
Severus Snape rooted grudge Black James Potter Severus Snape Black James Potter,bullying,Severus Snape school
Severus Snape grudge Black James Potter,have bias,Severus Snape Black James Potter
Severus Snape rooted grudge Black James Potter,bullying,Severus Snape school
Severus Snape grudge Black James Potter Severus Snape Black James Potter,bullying,Severus Snape school
Severus Snape rooted grudge Black James Potter,have bias,Severus Snape Black James Potter
Severus Snape grudge Black James Potter,bullying,Severus Snape school
Lupin Black,be execute,Pettigrew
Severus Snape,sent,Azkaban
Lupin Black,be execute,Harry
moon rises,transforms,werewolf
Lupin,transforms,werewolf
full moon rises,transforms,werewolf
Severus Snape,have forget,Severus Snape Wolfsbane potion
werewolf,allows remain,transformations
werewolf,allows remain,sane transformations
Black,fights,Severus Snape
dementors,descend upon,Black
dementors,descend upon,Harry
distant figure,casts,powerful Patronus
distant figure,casts,scattering dementors
figure,casts,Patronus
figure,casts,scattering dementors
figure,casts,powerful Patronus
distant figure,casts,Patronus
distant figure,casts,dementors
figure,casts,dementors
Black,have,soul
Black,be capture,dementors
readied suck,capture,Black 's soul
Black,be,captured
suck,capture,Black 's soul
time Hermione,attend,classes
Dumbledore,instructs Harry Hermione,save Black Buckbeak going back
time Hermione,attend,multiple classes
Dumbledore,instructs,Black Buckbeak going back
Dumbledore,instructs,Black Buckbeak going
time Hermione,attend simultaneously,multiple classes
Dumbledore,instructs Harry Hermione,save Black Buckbeak going
Dumbledore,instructs Harry Hermione,Black Buckbeak going back
Dumbledore,instructs Harry Hermione,Black Buckbeak going
time Hermione,attend simultaneously,classes
Dumbledore,instructs,save Black Buckbeak going
Dumbledore,instructs,save Black Buckbeak going back
Dumbledore,instructs,Harry Hermione
Ministry device,attend,classes
dementors,attack,Hermione
Ministry device,attend,multiple classes
Harry,casts,Patronus
Harry,casts,dementors
Harry,casts,stag shaped Patronus
Harry,casts,shaped Patronus
Harry,casts,scattering dementors
Harry Hermione ride Buckbeak tower release Black,escapes,Buckbeak
werewolf,force,Snape resignation
slip Lupin,be,werewolf
slip Lupin,force,Snape resignation
enraged Black,have,escape
slip Lupin,be,werewolf forcing
Lord Voldemort,stumble upon,Lord Voldemort Wormtail
Harry,sees,dream
prologue,sees,dream
Frank Bryce,be,murdered
Harry,be,Harry scar hurting
Harry,be,awoken Harry scar hurting
Harry,be,awoken Harry scar
Harry,be,Harry scar
Weasleys,invite,travel
Weasleys,invite,travel using
Weasleys,invite,Harry Hermione Granger Quidditch World Cup
match,masked,attack camping site
match,masked,Death Eaters
match,masked,followers Voldemort
Dark Mark,be fire,mass panic
Dark Mark,be,fired
Dark Mark,be fire,sky
Dark Mark,be fire,causing mass panic
Harry,discovers,Harry wand
wand,be,later found
possession Winky,be,used
Barty Crouch,have,house elf
wand,be later find,possession Winky
wand,be later find,Barty Crouch 's house elf
wand,be find,Barty Crouch 's house elf
wand,be,found
possession Winky,be use,cast Dark Mark
wand,be find,possession Winky
Barty Crouch,fires,Winky
Moody,be,Defence Dark Arts teacher
Moody,be,new Defence Dark Arts teacher
Triwizard Tournament,compete,champions wizarding schools
Triwizard Tournament,compete,champions schools
Dumbledore,also announces,Hogwarts
Dumbledore,announces,Hogwarts
champions names,drop,Goblet Fire
Harry,be,age majority wizarding world
Harry,be,age majority world
Goblet Fire,picks,Viktor Krum Durmstrang Institute Cedric Diggory Hogwarts
Goblet Fire,picks,Fleur Delacour Beauxbatons Academy
Goblet Fire,chooses,Harry fourth champion
Goblet Fire,chooses,Harry fourth champion forcing
Goblet Fire,Unexpectedly chooses,Harry champion
Goblet Fire,Unexpectedly chooses,Harry fourth champion
Goblet Fire,Unexpectedly chooses,Harry champion forcing
Goblet Fire,chooses,Harry champion forcing
Goblet Fire,Unexpectedly chooses,Harry fourth champion forcing
Goblet Fire,chooses,Harry champion
rift,develops,Harry Ron
Harry task,get,past
Harry first task,get,past
Harry task,involves,getting
Harry first task,involves,getting
dragon,retrieve,egg
Hermione,helps,Harry Summoning Charm
Hermione,helps,Harry Charm
Harry Firebolt broomstick,fly,past dragon retrieve
Harry Firebolt broomstick,fly,dragon retrieve
Hermione,helps,Harry perfect Summoning Charm
Hermione,helps,Harry perfect Charm
clue task,open loudly,golden egg shrieks
clue task,open,golden egg shrieks
clue next task,open loudly,golden egg shrieks
clue next task,open,egg shrieks
clue next task,open loudly,egg shrieks
clue task,open loudly,egg shrieks
egg,contains,clue task
egg,contains,clue next task
clue task,open,egg shrieks
clue next task,open,golden egg shrieks
Harry,discovers,Harry
Harry,discovers Following,Cedric 's tip
Harry,discovers Harry Following,Cedric 's tip
Cedric,Following,tip
Harry,recover,something Merpeople bottom lake castle grounds
Harry,recover,something valuable Merpeople bottom lake castle grounds
Dobby,works,Hogwarts
Harry,finds,Ron lake
Harry,finds,Ron bottom lake
Harry,However refuse behind,leave hostages
Harry,refuses,leave hostages
Harry,refuses behind,leave hostages
Harry,However refuses,leave hostages
Fleur,fails,appear
Krum,retrieves,Hermione
Harry,also take,Gabrielle
Harry,also take,Fleur sister
Harry,take,Gabrielle
Harry,take,Fleur sister
Harry,be award,high marks ' fibre
Harry,be,awarded
Harry,be award,marks ' fibre
Harry,be award,marks ' moral fibre
Harry,be award,high marks ' moral fibre
Harry Krum,encounter,Crouch
Crouch,stop,appearing work
Crouch,stop,work
Harry Krum,talk near,Forest
Harry Krum,talk near,Forbidden Forest
insane claims,begs,Dumbledore
claims,begs,Dumbledore
something terrible,begs,Dumbledore
something,begs,Dumbledore
Krum,stun,Crouch gone
tries,fails,find
Moody tries,fails,find
Moody tries,find,Crouch
tries,find,Crouch
Harry,later have,dream
Harry,have,dream involving
Harry,have,dream
Harry,later have,dream involving
Voldemort,punish,Wormtail mistake
Harry,go,tell Dumbledore
Harry,go,Dumbledore
Pensieve Dumbledore,upon,office
Harry,stumbles upon,Pensieve Dumbledore 's office
Crouch,have,son
Crouch,have,son
Crouch,'s son be,Barty Jr.
Crouch 's son,be,Death Eater
Harry,prepares,final task
Harry,prepares,task
goal,be reach,Triwizard Cup centre
Harry Cedric,reach Inside,maze
Cup,agree,touch
Harry Cedric,reach,Cup
Harry Cedric,reach Cup Inside,maze
Cup,agree simultaneously,touch
Portkey,However be transports,graveyard
Portkey,be transports,graveyard
Harry,restore,Lord Voldemort body
Cedric Voldemort,have,orders
Death Eaters,lead,Harry
Voldemort summons,berates,Death Eaters
Voldemort summons,berates,Death Eaters believing
Lord Voldemort,tortures,Harry
Harry,challenges,Lord Voldemort duel
manifestations Cedric Harry,include,parents
Harry wands ' streams,connect include,manifestations Cedric Harry 's parents
echoes Voldemort,have,previous spells
Harry share core,cause,echoes Voldemort 's spells
Harry share core,cause,echoes Voldemort 's previous spells
Cedric,have,body Cup return Hogwarts
Harry,escape,Cedric 's body Cup return Hogwarts
Harry,have,sudden arrival
Moody,take,Harry Moody office
Cedric,have,dead body
guided Moody,touch,Cup
guided Moody,ensure throughout,tournament
Moody,touch,Cup
Moody,ensure,Moody
Moody,ensure throughout,tournament
Voldemort,have,servant having put
Moody,ensure Moody throughout,tournament
Harry,have,name
Harry,'s name be,Goblet
Moody,touch,Cup
Moody,be,Voldemort 's servant
guided Moody,ensure,Moody
Moody,be,Voldemort 's servant having put
guided Moody,ensure Moody throughout,tournament
revealed,be dead via,Polyjuice Potion
revealed,be presume dead via,Polyjuice Potion
Crouch Sr.,have,son
revealed,be,presumed dead
Moody,kill,Harry
revealed,be,dead
wife,have,wish
Crouch Sr.,rescue,Crouch Sr.
son,fulfill die,wife 's wish
Harry,have,wand
Crouch Jr.,be,kept home
Crouch Jr.,be,kept
Voldemort,discover,Crouch Jr.
Crouch Jr.,install,Crouch Jr.
Hogwarts,be,imprisoned
Hogwarts,kill,Crouch Sr
Voldemort,have,return school
Dumbledore,announces,Voldemort 's return school
believe,many people include,Minister Magic Cornelius Fudge
believe,people include,Minister Magic Cornelius Fudge
Voldemort,have,return
Dementor,be,performed
Dementor,be perform,Crouch Jr. rendering
Dementor,be perform,Crouch Jr.
Dumbledore,puts,plans Voldemort action
Fred George,returns at_time,Dursleys summer
joke shop,returns at_time,Dursleys summer
Harry,want,Dumbledore tournament winnings
Harry,give,tournament winnings
Harry Potter Harry Potter cousin Dudley,be attack at_time,summer
Harry Potter Harry Potter cousin Dudley,be attack Dementors at_time,summer
Hogwarts,be postpone pending,hearing Ministry Magic
Harry,be postpone pending,hearing Ministry Magic
Forced,magically fend,Harry Potter cousin Dudley
Forced,fend,Harry Potter cousin Dudley
Order Phoenix,whisk,Grimmauld Place
Order Phoenix,whisk,Harry Number 12
Sirius Black,have,childhood home
Ron Weasley Hermione Granger,explain,Order
Harry learn,be seek,something Voldemort
Harry,learn,Voldemort
something Voldemort,lack prior,Voldemort defeat
Cornelius Fudge,accept,Voldemort 's return
Voldemort,have,return
Cornelius Fudge,run,smear campaign Harry Dumbledore
Ministry,lead,Cornelius Fudge
Harry,be,cleared
Dumbledore,be clear,charges
Harry,be clear,charges
Dumbledore,defends,Harry
Dumbledore,be,cleared
Hogwarts,becomes,new Defence Dark Arts teacher
Hogwarts,becomes,Defence Dark Arts teacher
Voldemort,have,return
Voldemort,'s return be,clashes
students,perform,defensive magic
students,perform,Hermione form
students,perform,magic
Ministry,interfere,Hogwarts High Inquisitor
Ministry,interfere,Hogwarts new High Inquisitor
forcing group,Army 's,Dumbledore
Ministry,interfere,Hogwarts new Inquisitor
Ministry,interfere,Hogwarts Inquisitor
vision Voldemort,have,snake Nagini
vision Voldemort 's snake Nagini,attack,Arthur Weasley
vision Voldemort 's snake Nagini,viciously attack,Arthur Weasley
Harry,have at_time,One night
Professor McGonagall Dumbledore,be,rescued
Harry Occlumency mind Voldemort,have,invasions
Harry Occlumency,protect,Harry Occlumency mind Voldemort 's invasions
Umbridge,be eventually tip off,Dumbledore 's Army
Dumbledore,take,responsibility group
Harry,have,expulsion
Dumbledore 's Army,prevent,Harry 's expulsion
Harry 's expulsion,go,hiding
Dumbledore,have,Army
Umbridge,be tip off,Dumbledore 's Army
Umbridge,be,access Dumbledore 's office
Umbridge,becomes,unable access Dumbledore 's old office
Umbridge,be,unable access Dumbledore 's office
Umbridge,be,access Dumbledore 's old office
Umbridge,becomes,access Dumbledore 's old office
Umbridge,be,though unable access Dumbledore 's old office
Umbridge,be,though access Dumbledore 's old office
Umbridge,becomes,though unable access Dumbledore 's office
Umbridge,be,though access Dumbledore 's office
Umbridge,be,though unable access Dumbledore 's office
Umbridge,be,unable access Dumbledore 's old office
Umbridge,becomes,though access Dumbledore 's office
Umbridge,becomes,though unable access Dumbledore 's old office
Umbridge,becomes,access Dumbledore 's office
Umbridge,becomes,unable access Dumbledore 's office
Umbridge,becomes,headmistress
Umbridge,becomes,though access Dumbledore 's old office
Harry,have,Occlumency lessons
Snape,be,called away
Snape,be,called
Harry,views,Snape 's memory
Harry,views,Sirius Black Snape school
Harry,views,Sirius Black humiliating Snape school
Snape,have,memory
Harry,views,James Potter
Harry,views,Sirius Black bullying humiliating Snape school
Harry,views,Sirius Black bullying Snape school
Harry,ends,lessons rage
Harry,ends,lessons fit rage
vision Sirius,be torture,Voldemort Department Mysteries
vision Sirius,be,tortured
effort,protect,Harry mind
Harry,uses,floo network Umbridge fireplace contact Grimmauld Place
Harry,want,Snape question
Snape Sirius,claims,understand
Umbridge,reveals,Snape ordered Dementor attack Harry
Umbridge,reveals,Snape Dementor attack Harry
Snape ordered Dementor attack Harry,interrogate,Snape Cruciatus Curse
Snape Dementor attack Harry,interrogate,Snape Cruciatus Curse
Hermione,be,Forbidden
Hermione,be Forbidden,Forest
Umbridge Dumbledore,have,secret weapon
Harry Hermione,lead,Harry Hermione centaurs ' territory
Harry Hermione,take,Harry Hermione
Harry Hermione,take,Harry Hermione captive
Umbridge,provokes,Harry Hermione
Harry Hermione,escape,centaurs
Department Mysteries,instead find,glass sphere
Department Mysteries,instead find,glass sphere bearing
Voldemort,have,names
Department Mysteries,fail,find
Department Mysteries,find,glass sphere
Department Mysteries,find,glass sphere bearing
Harry,have,Voldemort
Lucius Malfoy attack Death Eaters,be,lured
Death Eaters,be lure,fake vision sphere
Death Eaters,lead,Lucius Malfoy attack Death Eaters revealing
Lucius Malfoy attack Death Eaters,be lure,fake vision sphere
Lucius Malfoy attack Death Eaters,be lure,fake vision secure sphere
Death Eaters,be,lured
Voldemort,be,seeks
Death Eaters,lead,Lucius Malfoy attack Death Eaters
Death Eaters,be lure,fake vision secure sphere
Order Phoenix members,arrive,battle Death Eaters
Neville,destroys,prophecy
Bellatrix Lestrange,kills,Sirius
Neville,accidentally destroys,prophecy
Harry,be,match
Harry,chases,Harry
Voldemort,arrives,Voldemort stalemate
Voldemort,arrives,dueling Voldemort stalemate
Voldemort stalemate,kill,Harry
dueling Voldemort stalemate,kill,Harry
Voldemort,arrives,kill
Voldemort,possesses,Harry
Fudge,see,Voldemort
Fudge,accepts,truth
Harry,have,warning
Snape,understood,Harry 's warning
Kreacher,inform,Harry Sirius 's closeness
Kreacher,inform,Narcissa
Dumbledore,also reveals,Kreacher
Lucius,' wife be,Narcissa
Kreacher,inform,Lucius ' wife
Harry Sirius,have,closeness
Dumbledore,reveals,Kreacher
Dumbledore tells,be,safe Voldemort Dursleys
Dumbledore tells,be,safe Voldemort Dursleys taking
Lily,have,sister
seals protection Harry,have,mother
Dumbledore,tells,Harry
Dumbledore tells,be,Voldemort Dursleys
Dumbledore tells,be,Voldemort Dursleys taking
seals protection Harry 's mother,give,Harry
Dumbledore,reveals,contents prophecy
contents prophecy,foretold,birth someone power defeat Voldemort
followers,have overheard,part prophecy
One Voldemort,have,followers
One Voldemort 's followers,have overheard,part prophecy
part prophecy,kill,baby Harry
part prophecy,inform,Voldemort
Voldemort 's followers,have overheard,part prophecy
Voldemort,would mark,one would kill
hinted Voldemort,would mark,Voldemort opponent eventually would kill
Voldemort,would mark,Voldemort opponent would kill
Voldemort,would mark,Voldemort opponent eventually would kill
Voldemort,would mark,Voldemort opponent eventually one would kill
Voldemort,would mark,Voldemort opponent one would kill
Voldemort,would mark,eventually one would kill
hinted Voldemort,would mark,Voldemort opponent one would kill
hinted Voldemort,would mark,Voldemort opponent eventually one would kill
hinted Voldemort,would mark,eventually one would kill
hinted Voldemort,would mark,Voldemort opponent would kill
hinted Voldemort,would mark,one would kill
Harry,grows,sullen
wizarding community,affords,Harry great respect
community,affords,Harry respect
wizarding community,affords,Harry respect
community,affords,Harry great respect
Motivated Harry friends,returns,Dursleys
Harry friends,returns,Dursleys
Harry,returns,Dursleys
Narcissa Malfoy,supporter 's,Lord Voldemort
Lord Voldemort,have,supporter
Severus Snape,meets,Lord Voldemort 's supporter
Draco,have,mother
Severus Snape,meets,Narcissa Malfoy
Severus Snape,meets,sister Bellatrix Lestrange
Severus Snape,meets,Draco 's mother
Narcissa,expresses,concern Dumbledore
Narcissa expresses,may survive,mission Voldemort
mission Voldemort,give,Dumbledore
Dumbledore,make,Vow Narcissa
Dumbledore,make,Unbreakable Vow Narcissa
Dumbledore,make,Unbreakable Vow Narcissa swearing
Dumbledore,make,Vow Narcissa swearing
Harry,escort,home Harry 's friend
Harry,escort,home Harry 's best friend
Harry,escort,Dumbledore Burrow
home Harry,have,best friend
Harry,unwittingly help,persuade
Harry,helps,persuade
Slughorn,return,teaching
home Harry,have,best friend
Draco,brags,friends mission Voldemort
friends mission Voldemort,assign,Voldemort
Harry,eavesdrops,Draco
Draco,catches,Harry
Voldemort,break,Voldemort nose
Draco,catches,Harry petrifying
repairs Harry nose,escorts,Harry Hogwarts
Nymphadora Tonks,finds,Harry
Dumbledore announces,be,new Defence Dark Arts instructor
Slughorn,will teach,Potions
Dumbledore announces,be,Defence Dark Arts instructor
Dumbledore,announces,Dumbledore
Harry,finds,old potions textbook belonging
Harry,finds,potions textbook
Harry,finds,potions textbook belonging
Harry,finds,old potions textbook
Harry Potions class,use,tips book
Harry,excels,Potions class
Harry Potions class,use,tips book
Harry,excels,Potions class winning
Hermione,distrusts,book
Hermione,however distrusts,book
Ron,go,Lavender Brown making
Ron Hermione,grow,Ron sister Ginny Hermione 's history
Ron Hermione,grow closer,learning Ron sister Ginny Hermione 's history
Ron Hermione,grow,learning Ron sister Ginny Hermione 's history
learning Ron sister Ginny Hermione,have,history
Ron,go,Lavender Brown
Ron Hermione,grow closer,Ron sister Ginny Hermione 's history
Harry,develops,two later start relationship
Ron,have,approval
Harry,develops,feelings Ginny
Harry,develops,two start relationship
Draco,grows throughout,year
Draco,grows,suspicious ways
Draco,grows,acting increasingly suspicious ways
Draco,grows,acting suspicious ways
Draco,grows,increasingly suspicious ways
Draco,grows,unhinged
memories people Voldemort,have,past
Pensieve,examine,memories people Voldemort 's past
Harry Harry,foretold,battle Voldemort
Slughorn,be,altered
Harry,obtain,real memory Slughorn
memories,involves,Slughorn
One memories,involves,Slughorn
memories,involves,Slughorn conversing
One memories,involves,Slughorn conversing
Harry,obtain,memory Slughorn
Slughorn,tells,Riddle process
Slughorn,tells,one 's soul hiding making
Slughorn,tells,splitting one 's soul
splitting one,have,soul hiding making
Slughorn,tells,splitting one 's soul making
Slughorn,tells,one 's soul
Slughorn,tells,one 's soul hiding
Slughorn,tells,splitting one 's soul hiding making
Slughorn,tells,one 's soul making
Slughorn,tells,splitting one 's soul hiding
one,have,soul Horcruxes
Felix Felicis,retrieve,memory
six Horcruxes,be destroy,order destroy
six Horcruxes,be,destroyed
six Horcruxes,be destroy,order
Voldemort,create,six Horcruxes
Harry Dumbledore journey cave,retrieve Horcrux at_time,Near end year
Harry Dumbledore journey cave,retrieve at_time,Near end year
Slytherin,have,locket
locket,be,filled basin lake
locket,be,filled basin middle lake
locket,be,basin lake
locket,be,basin middle lake
locket,be,potion filled basin lake
locket,be,potion filled basin middle lake
Dumbledore,drinks,severely weakening Dumbledore
Dumbledore,drinks,Dumbledore
Dumbledore,drinks,weakening Dumbledore
Dumbledore,drinks,potion
Inferi lake,take,locket return Hogwarts
fighting Inferi hidden lake,take,locket return Hogwarts
locket return Hogwarts,find,Dark Mark school tower
Inferi hidden lake,take,locket return Hogwarts
fighting Inferi lake,take,locket return Hogwarts
Harry Dumbledore,ascend,tower
Harry Dumbledore ascend,be,ambushed Dracohis
Harry Dumbledore ascend,be,Dracohis
Draco,be,However unable
Draco,be,unable
Snape,kills,Dumbledore
Harry,pursues,Snape
Snape,be,defeated
Ignoring battle Snape,rag inside,Hogwarts
Harry,be,defeated
battle Snape,rag inside,Hogwarts
Harry,be defeat,Snape
Snape,be defeat,Snape
Snape,be,Half Blood Prince
Snape,be,Blood Prince
Dumbledore,have,funeral
Ginny,protect,Ginny
Dumbledore,'s funeral be,Harry
fake,contain,note someone named R.
fake,contain,note someone R.
Harry,discovers,locket
fake,contain,note someone R.
fake,contain,note someone named R.
Harry discovers,be,fake containing
Harry discovers,be,fake
Harry intentions,search Horcruxes at_time,following year
Harry intentions,search at_time,year
Horcruxes,rather return,Hogwarts
Harry intentions,search Horcruxes at_time,year
Horcruxes,return,Hogwarts
Harry intentions,rather return,Hogwarts
Harry intentions,return,Hogwarts
Harry intentions,search at_time,following year
Ron Hermione vow,join,Harry
Voldemort,have take Following,Dumbledore 's death
Voldemort,have take,control Ministry Magic
Voldemort,have take,effective control Ministry Magic
Dumbledore,Following,death
Voldemort,have take control Ministry Magic Following,Dumbledore 's death
Harry deceased mother,have,protection
Harry,be,Meanwhile turn seventeen
Dursleys,use,Harry 's friends decoys
Phoenix,use,Harry 's friends decoys
Phoenix,prepare,move Harry Burrow Harry
Dursleys,prepare,move Harry Burrow flying Harry
Dursleys,prepare,move Harry Burrow Harry
Phoenix,prepare,move Harry Burrow flying Harry
Harry,have,friends decoys
Death Eaters,attack upon,departure
Death Eaters,attack battle upon,departure
Death Eaters,attack,ensuing battle
Mad Eye Moody Hedwig,be,killed
George Weasley,be,wounded
Death Eaters,attack,battle
Mad Eye Moody Hedwig,be kill,George Weasley
Harry 's wand,fends,Voldemort Harry 's wand
Harry,have,wand
Voldemort Harry,have,wand
Hermione,prepare,hunt Voldemort 's four Horcruxes
hunt Voldemort,have,four remaining Horcruxes
Hermione,prepare,hunt Voldemort 's four remaining Horcruxes
Dumbledore,have,will
Harry,be give,object
Harry,be give,Dumbledore 's will
Harry,be,given
Sword Godric Gryffindor,be,bequeathed
Sword Godric Gryffindor,be,also bequeathed
Sword Godric Gryffindor,prevents give,prevents object Dumbledore 's will
Bill Weasley Fleur Delacour,have,wedding
Death Eaters,attack,wedding reception
Bill Weasley Fleur Delacour 's wedding,falls,Voldemort
Ministry,falls,Voldemort
Sirius Black,have,family home trio
trio,flee,12 Grimmauld Place
Horcrux locket,stole hid,Horcrux locket house
Sirius,'s brother be,Regulus
trio,learn,Regulus
trio,learn,Sirius 's brother
Sirius,have,late brother
trio,learn,Sirius 's late brother
Horcrux locket,be,later stolen
Horcrux locket,be,stolen
Horcrux locket,be steal,Mundungus Fletcher
Horcrux locket,be later steal,Mundungus Fletcher
House elf Kreacher,locates,Fletcher
locket,say,says taken
Grimmauld Place,be compromise,trio escape
Grimmauld Place,be,compromised
locket,have,dark nature
locket 's dark nature,affects,Ron
locket 's nature,affects,Ron
Ron,abandons,group
Dumbledore,have,past dark wizard
Harry Hermione,learn,Dumbledore 's past dark wizard
Harry Hermione,learn,Gellert Grindelwald
Harry Hermione,learn,Dumbledore 's past wizard
Dumbledore,'s wizard be,Gellert Grindelwald
Harry,have,birthplace
Harry Hermione travel Godric,have,Hollow
Harry Hermione travel Godric,'s Hollow be,Harry Hermione
Harry Hermione travel Godric,'s Hollow be,birthplace
Harry Hermione travel Godric 's Hollow,be,attacked
Harry Hermione travel Godric 's Hollow,be attack,Nagini
Harry Hermione escape,be,damaged
Harry,have,wand
Gryffindor,have,sword
Gryffindor 's sword,kills,Harry
Gryffindor,have,sword
Gryffindor,'s sword be,locket around Harry neck
Gryffindor 's sword,locket around,Harry neck
Gryffindor 's sword,nearly kills,Harry
Harry,destroys,locket sword
Dumbledore,'s book be,Hermione
Dumbledore,have,book
Dumbledore 's book,identifies,also worn
Dumbledore 's book,worn,Luna Lovegood 's father
Dumbledore 's book,also wear,Luna Lovegood 's father
Dumbledore 's book,identifies,worn
Luna Lovegood,have,father
Resurrection Stone,can summon,dead
Luna Lovegood,have,father
Luna Lovegood,have,father
father,father 's,Luna Lovegood
Luna Lovegood,'s father be,father
trio,have,has captured
exchange Luna,have,freedom
Xenophillius summons Death Eaters,catch,three escape
exchange Luna,'s freedom be,three escape
Xenophillius summons Death Eaters,catch,exchange Luna 's freedom
Harry,deduces,Voldemort
Voldemort,hunt,Wand
Voldemort,hunt,Elder Wand
Dumbledore Dumbledore,defeat,Grindelwald
Harry,deduces,Harry Invisibility Cloak
Harry deduces,be,Hallow
Harry Snitch,contains,Resurrection Stone
Harry deduces,be,third Hallow
Harry,also deduces,Harry Invisibility Cloak
trio,be,captured
believing trio,stole,Gryffindor 's sword Gringotts vault
Gryffindor,have,sword Gringotts vault
Bellatrix,tortures,Hermione
trio,stole,Gryffindor 's sword Gringotts vault
Bill Fleur,have,cottage along fellow prisoners including goblin Griphook
Bellatrix,kills,Dobby
escape,kills,Dobby
vision Voldemort,steal,Elder Wand Dumbledore 's tomb
Elder Wand Dumbledore,have,tomb
trio,decide,break Bellatrix 's vault believing
trio,decide,break Bellatrix 's vault
break Bellatrix,have,vault believing
Griphook,have,help
Griphook 's help,retrieve,Griphook steals
Griphook 's help,retrieve,Hufflepuff 's cup
Griphook 's help,retrieve,though Griphook steals
Griphook,steals,Gryffindor 's sword process
Griphook,'s help be,trio break
Gryffindor,have,sword process
Hufflepuff,have,cup
Griphook 's help,retrieve,escape
Hufflepuff,'s cup be,escape
vision Voldemort,thus reveal,ones
vision Voldemort,thus reveal,remaining ones
heist,thus reveal,ones
heist,thus reveal,remaining ones
heist,reveal,remaining ones
vision Voldemort,reveal,remaining ones
heist,reveal,ones
vision Voldemort,be inform,heist deciding
vision Voldemort,be inform,heist
vision Voldemort,reveal,ones
vision Voldemort,be,informed
Hogwarts,help,Aberforth
Dumbledore,have,brother
Hogwarts,help,Dumbledore 's brother
Dumbledore,'s brother be,Aberforth
Harry,'s whereabouts be,mounts assault Hogwarts
Harry,have,whereabouts
Voldemort,alert,mounts assault Hogwarts
Voldemort,alert,Harry 's whereabouts
teachers students,defend,school
teachers students,mobilize,defend
Ron Hermione,destroy,Hufflepuff 's cup basilisk fangs Chamber Secrets
Hufflepuff,have,cup basilisk fangs Chamber Secrets
Ravenclaw,have,diadem
Harry discovers,be,Horcrux
Harry,discovers,Ravenclaw 's diadem
diadem Room Requirement,be ambush,Draco
trio,find,diadem Room Requirement
diadem Room Requirement,be ambush,Crabbe Goyle
diadem Room Requirement,be,ambushed
Crabbe attacks,fails,control fire
Crabbe attacks control fire,use,cursed fire
Crabbe attacks,use,cursed fire
Crabbe attacks control cursed fire,use,cursed fire
Crabbe attacks control cursed fire,use,fire
fire,destroys,diadem
Crabbe attacks control fire,use,fire
Crabbe attacks,use,fire
Crabbe attacks,fails,control cursed fire
many,be,killed
many,be,Meanwhile killed
many,be kill,Voldemort 's assault including Remus Lupin
many,be kill,Voldemort 's assault
many,Meanwhile be kill,Voldemort 's assault
many,Meanwhile be kill,Voldemort 's assault including Remus Lupin
Voldemort,have,assault
Voldemort,feels,Wand
Voldemort,feels,Elder Wand
Wand,perform,expected
Elder Wand,perform,expected
Snape,be,master
Believing Snape,be,master
Snape,be,true master
Believing Snape,be,true master
Harry memories,view,Pensieve
Harry 's mother,act,double agent Voldemort
Harry,have,mother
Harry 's mother,act,agent Voldemort
Snape,have watch,conjuring doe Patronus
Snape,have watch,trio
Dumbledore,plan,Dumbledore murder
Snape,have,hands
Dumbledore dying,mishandle,ring Horcrux
Harry,learns,Harry
Harry learns,be,unintentional Horcrux
Voldemort,have,hands
Harry learns,be,Horcrux
Voldemort 's hands,render,Harry mortal
Harry,also learn,Harry
Harry,give,Harry instructing
Neville Longbottom,kill,Nagini
Harry,give,Harry
Harry parents,love,ones
Harry parents deceased,love,ones
Harry,uses,Resurrection Stone
Resurrection Stone,reunite within,Snitch
stone Harry,meets,Voldemort
King,have,Cross
Harry,awakens,location
location,be greet,Dumbledore
Harry,awakens,location resembling
Harry,awakens,dreamlike location resembling
dreamlike location,be,greeted
location,be,greeted
Harry,awakens,dreamlike location
dreamlike location,be greet,Dumbledore
Voldemort 's original Killing Curse,left,fragment Harry soul Harry
Voldemort 's original Killing Curse,left,connection
Voldemort 's original Killing Curse,left,causing connection
Voldemort,have,original Killing Curse
Voldemort 's Killing Curse,left,connection
Voldemort 's Killing Curse,left,fragment Harry soul Harry
Voldemort 's Killing Curse,left,causing connection
Curse,destroyed,soul fragment
latest Curse,destroyed,soul fragment allowing
latest Killing Curse,destroyed,soul fragment allowing
Curse,destroyed,soul fragment allowing
latest Killing Curse,destroyed,soul fragment
latest Curse,destroyed,soul fragment
Harry,return,life
Killing Curse,destroyed,soul fragment allowing
Killing Curse,destroyed,soul fragment
life,feigns,death
truce Hogwarts,demands,Voldemort surrender
Gryffindor 's sword Hat,kills,Nagini
Gryffindor,have,sword
Gryffindor 's sword Sorting Hat,kills,Nagini
battle,resumes,Molly Weasley
battle,resumes,Molly Weasley killing
Harry,reveal,Harry Voldemort
Harry,explains upon,Wand 's former master
Elder Wand,have,loyalty transfers
Harry,explains,Wand 's loyalty transfers
Harry,explains upon,defeat
Harry,explains,Elder Wand 's loyalty transfers
defeat,master 's,Elder Wand
Harry,explains upon,Elder Wand 's former master
Elder Wand,have,former master
Dumbledore Snape,kill,Snape
Draco,have,had Elder Wand 's master
Draco,have,had Wand 's master
Harry,commands,Elder Wand
Harry,disarm,Draco Malfoy Manor
Harry,commands,Wand
Harry,uses,Wand repair Elder Wand
Harry,uses,Elder Wand repair Elder Wand returning
Harry,uses,Elder Wand repair Elder Wand
Harry,uses,Wand repair Elder Wand returning
Harry,keeps,Harry Invisibility Cloak
wizarding world,returns,peace
world,returns,peace